first_name,last_name,Gender,Location,Nationality,Age
Ellis,Mossop,Male,Center,Philippines,19
Neale,Millins,Male,South west,Indonesia,25
Leelah,Baudains,Female,North west,Niger,20
Mattias,Grimme,Male,North west,Indonesia,19
Lucila,Wornham,Female,South east,Japan,27
Christen,Scare,Female,North west,Indonesia,18
Jsandye,Dwelling,Female,North west,Belarus,20
Tracey,Downey,Female,North east,Palestinian Territory,20
Lukas,Casari,Male,Center,Latvia,23
Doralia,Siddele,Female,Center,Ethiopia,24
Gerik,Addicott,Male,Center,Indonesia,25
Norbert,Cattermoul,Male,South west,China,18
Katie,Hanner,Female,South west,Russia,25
Beauregard,Burkinshaw,Male,North east,Benin,22
Coleman,Vannah,Male,North east,Brazil,23
Robinet,Bastie,Male,South west,Brazil,19
Jarrod,Parnaby,Male,Center,China,20
Ginnie,Durno,Female,North west,Iran,26
Filmer,Odda,Male,South west,Cuba,27
Elton,Gripton,Male,North east,Czech Republic,28
Boyd,Ingle,Male,South east,China,23
Mari,Jory,Female,South east,China,22
Delmor,Wankel,Male,North east,Democratic Republic of the Congo,22
Symon,Peers,Male,North east,Philippines,24
Abbie,Fitzroy,Male,Center,United States,22
Maribel,Dawbury,Female,North west,Indonesia,21
Siegfried,Farnin,Male,South east,United Kingdom,21
Lyndsay,Layson,Female,North west,France,21
Ruy,Guillard,Male,Center,China,24
Adelbert,Boyes,Male,Center,Poland,22
Taddeo,Martinon,Male,South west,Macedonia,22
Doralynn,Pretsell,Female,South west,Argentina,23
Jesse,Lindman,Male,South west,Greece,26
Alane,Pakenham,Female,South west,Nigeria,22
Fawnia,Robuchon,Female,South east,Russia,26
Darbie,Bertot,Female,North west,China,23
Vinnie,Keme,Male,South east,Indonesia,25
Pattie,Shackleton,Female,North west,Tanzania,23
Frederico,Truter,Male,Center,Philippines,20
Justinn,Wittke,Female,South west,Ethiopia,19
Filippo,Llewellyn,Male,South east,Greece,25
Aloysius,Jepensen,Male,South west,Portugal,21
Odie,Felder,Male,Center,Cuba,22
Rosalia,Olfert,Female,Center,Botswana,21
Blinnie,Crees,Female,North west,United States,23
Cristian,Lawrenz,Male,Center,Czech Republic,22
Lynett,Postans,Female,South east,China,24
Henrietta,Beceril,Female,North east,France,21
Roger,Durno,Male,North west,El Salvador,20
Brande,Pearmine,Female,North east,Taiwan,20
Sophi,Furnell,Female,South east,Thailand,21
Regan,Tungay,Male,South east,Niger,22
Davie,Dupree,Male,North east,China,29
Sibyl,Ambrus,Male,South east,United States,22
Pate,Franceschi,Male,South west,Portugal,21
Arvin,De Metz,Male,North west,China,21
Kiley,Huggen,Male,Center,Brazil,24
Christan,Pohl,Female,South west,Syria,22
Teresina,Elcome,Female,North west,Cuba,22
Brittan,Breadmore,Female,North west,Poland,21
Lilith,Wrennall,Female,South west,Indonesia,19
Yancey,Curnick,Male,South west,Sweden,18
Lindie,Haugen,Female,Center,Philippines,20
Clemmy,Rubinov,Female,South west,Sweden,21
Mariejeanne,Lindmark,Female,South east,Kazakhstan,22
Elliot,McGuff,Male,South east,Chile,20
Rey,Kingman,Female,North west,Sweden,20
Allyce,Grimbleby,Female,Center,Zimbabwe,21
Lia,Brien,Female,South west,Indonesia,27
Linzy,Willas,Female,Center,El Salvador,25
Greggory,Dreinan,Male,South west,China,20
Anders,Rayner,Male,South east,China,21
Ricoriki,McCaskell,Male,South east,Philippines,19
Bart,Sey,Male,North west,Pakistan,20
Celisse,Witchell,Female,South west,Portugal,23
Salmon,Jee,Male,Center,Poland,23
Andeee,McNeil,Female,South west,China,29
Euell,Wogdon,Male,North east,China,21
Sauncho,Aslum,Male,North east,Indonesia,21
Clotilda,Camilletti,Female,North east,China,21
Tomkin,Tatum,Male,Center,Bosnia and Herzegovina,20
Dodi,Breewood,Female,Center,North Korea,21
Berti,Pattlel,Female,South east,China,20
Chicky,Mushart,Male,North east,Gambia,23
Janet,Ardron,Female,South west,France,20
Nigel,McKeever,Male,South east,Indonesia,24
Ebba,Rolston,Female,South east,United States,25
Tamqrah,Donovan,Female,Center,Greece,23
Hollie,Thornewell,Female,North east,United States,21
Kora,Sowood,Female,South east,China,20
Elset,Lelliott,Female,North west,Indonesia,22
Jessalyn,Thickens,Female,South east,Kazakhstan,23
Agace,Fozard,Female,South west,Philippines,24
Gerri,Salter,Female,North west,Philippines,21
Poppy,Sherratt,Female,South west,Japan,21
Federica,Quant,Female,Center,Indonesia,22
Talbert,Harring,Male,Center,Benin,20
Cassaundra,Grimbleby,Female,North west,Netherlands,21
Melesa,Witcombe,Female,North west,Nigeria,25
Lon,Eteen,Male,North east,Portugal,23
